{"resourceType":"StructureDefinition","id":"HumanName","url":"https://semalexa.github.io/igpopdemo/StructureDefinition/HumanName","name":"AZHumanNameProfile","title":"AZ HumanName Profile","status":"active","experimental":false,"date":"2020-10-06","publisher":"AstraZeneca","description":"Defines AZ constraints and extensions on the HumanName data type","fhirVersion":"4.0.1","kind":"complex-type","abstract":false,"type":"HumanName","baseDefinition":"http://hl7.org/fhir/StructureDefinition/HumanName","derivation":"constraint","differential":{"element":[{"id":"HumanName.extension","path":"HumanName.extension","mustSupport":true,"slicing":{"discriminator":[{"type":"value","path":"url"}],"ordered":false,"rules":"open"}},{"id":"HumanName.extension:salutation","path":"HumanName.extension","mustSupport":true,"type":[{"code":"Extension","profile":["https://semalexa.github.io/igpopdemo/StructureDefinition/HumanName-salutation"]}],"sliceName":"salutation","isModifier":false}]}}