{"resourceType":"StructureDefinition","id":"MedicationAdministration-operatorDeviceOther","url":"https://semalexa.github.io/igpopdemo/StructureDefinition/MedicationAdministration-operatorDeviceOther","name":"operatorDeviceOther","title":"AZ MedicationAdministration Operator Device Other Extension","status":"active","experimental":false,"date":"2020-12-18","publisher":"AstraZeneca","description":"MedicationAdministration Operator Device Other","fhirVersion":"4.0.0","kind":"complex-type","abstract":false,"context":[{"type":"element","expression":"MedicationAdministration"}],"type":"Extension","baseDefinition":"http://hl7.org/fhir/StructureDefinition/Extension","derivation":"constraint","differential":{"element":[{"id":"Extension","path":"Extension","mustSupport":true},{"id":"Extension.extension","path":"Extension.extension","mustSupport":true,"min":0,"max":"0"},{"id":"Extension.url","path":"Extension.url","mustSupport":true,"min":1,"max":"1","fixedUri":"https://semalexa.github.io/igpopdemo/StructureDefinition/MedicationAdministration-operatorDeviceOther"},{"id":"Extension.value[x]","path":"Extension.value[x]","mustSupport":true,"min":1,"max":"1","type":[{"code":"string"}]}]}}