{"resourceType":"StructureDefinition","id":"Practitioner","url":"https://semalexa.github.io/igpopdemo/StructureDefinition/Practitioner","name":"AZPractitionerProfile","title":"AZ Practitioner Profile","status":"active","experimental":false,"date":"2020-09-30","publisher":"AstraZeneca","description":"Defines AZ constraints and extensions on the Practitioner resource","fhirVersion":"4.0.1","kind":"resource","abstract":false,"type":"Practitioner","baseDefinition":"http://hl7.org/fhir/StructureDefinition/Practitioner","derivation":"constraint","differential":{"element":[{"id":"Practitioner.extension","path":"Practitioner.extension","mustSupport":true,"slicing":{"discriminator":[{"type":"value","path":"url"}],"ordered":false,"rules":"open"}},{"id":"Practitioner.extension:consentToContactPractitioner","path":"Practitioner.extension","mustSupport":true,"type":[{"code":"Extension","profile":["https://semalexa.github.io/igpopdemo/StructureDefinition/Practitioner-consentToContactPractitioner"]}],"sliceName":"consentToContactPractitioner","isModifier":false},{"id":"Practitioner.name","path":"Practitioner.name","mustSupport":true,"type":[{"code":"HumanName","profile":["https://semalexa.github.io/igpopdemo/StructureDefinition/HumanName"]}]},{"id":"Practitioner.address","path":"Practitioner.address","mustSupport":true,"type":[{"code":"Address","profile":["https://semalexa.github.io/igpopdemo/StructureDefinition/Address"]}]}]}}