{"compose":{"include":[{"system":"urn:CodeSystem:condition-seriousness","concept":[{"code":"less-severe","display":"Less severe"},{"code":"recovered","display":"Recovered"},{"code":"not-recovered","display":"Not recovered"},{"code":"recovered-seq","display":"Recovered with Sequela"},{"code":"death","display":"Death"},{"code":"unknown","display":"Unknown"}]}]},"resourceType":"ValueSet","id":"condition-seriousness","url":"https://semalexa.github.io/igpopdemo/ValueSet/nullcondition-seriousness","name":"ConditionSeriousness","title":"condition seriousness","status":"active","date":"2021-01-19T22:04:47Z"}