{"compose":{"include":[{"system":"urn:CodeSystem:resulting-condition","concept":[{"code":"death","display":"Death"},{"code":"life-threat","display":"Life Threat"},{"code":"birth-defect","display":"Birth Defect"},{"code":"hospitalization","display":"Hospitalization"},{"code":"disability","display":"Disability"},{"code":"IMA","display":"Important Medical Event"}]}]},"resourceType":"ValueSet","id":"resulting-condition","url":"https://semalexa.github.io/igpopdemo/ValueSet/nullresulting-condition","name":"ResultingCondition","title":"resulting condition","status":"active","date":"2021-01-19T22:04:47Z"}